horizon,model,MAE,RMSE,R2
H+1,Hybrid SARIMAX-LightGBM,10940.18454659207,21648.169882796446,0.9978316921540721
H+2,Hybrid SARIMAX-XGBoost,15868.55073468316,28080.91808440546,0.996347869261758
H+3,Hybrid SARIMAX-XGBoost,19599.924637737367,31207.085363661,0.9954848414455454
H+4,Hybrid SARIMAX-XGBoost,23065.472903465612,35519.31624434346,0.9941449156626043
H+5,Hybrid SARIMAX-XGBoost,25840.703872763283,39133.73134038244,0.9928854406701945
H+6,Hybrid SARIMAX-XGBoost,28572.850703380172,42421.13259643803,0.9916313439124567
H+7,Hybrid SARIMAX-XGBoost,30819.82870432355,46239.95249487222,0.9900459726908213
